{"stats":{"minecraft:crafted":{"minecraft:oak_planks":20,"minecraft:torch":16,"minecraft:stone_axe":1,"minecraft:crafting_table":1,"minecraft:stick":12,"minecraft:wooden_pickaxe":1,"minecraft:stone_pickaxe":1},"minecraft:picked_up":{"minecraft:crafting_table":1,"minecraft:oak_log":11,"minecraft:coal":4,"minecraft:cobblestone":21,"minecraft:dirt":4},"minecraft:used":{"minecraft:torch":2,"minecraft:stone_axe":7,"minecraft:dirt":4,"minecraft:crafting_table":1,"minecraft:stone_pickaxe":10,"minecraft:wooden_pickaxe":15},"minecraft:custom":{"minecraft:time_since_rest":3308,"minecraft:crouch_one_cm":359,"minecraft:play_time":3308,"minecraft:sprint_one_cm":4140,"minecraft:damage_taken":10,"minecraft:walk_one_cm":6637,"minecraft:sneak_time":71,"minecraft:walk_under_water_one_cm":274,"minecraft:jump":30,"minecraft:walk_on_water_one_cm":1302,"minecraft:time_since_death":3308,"minecraft:total_world_time":3308,"minecraft:fall_one_cm":813,"minecraft:interact_with_crafting_table":3,"minecraft:fly_one_cm":3844},"minecraft:mined":{"minecraft:coal_ore":4,"minecraft:grass_block":1,"minecraft:oak_log":11,"minecraft:dirt":3,"minecraft:stone":21,"minecraft:crafting_table":1}},"DataVersion":3700}