{"stats":{"minecraft:picked_up":{"minecraft:sandstone":40,"minecraft:oak_slab":1,"minecraft:stick":2,"minecraft:crafting_table":3,"minecraft:feather":3,"minecraft:chicken":3,"minecraft:oak_door":4,"minecraft:spruce_stairs":1,"minecraft:oak_stairs":1,"minecraft:sand":79,"minecraft:porkchop":28,"minecraft:oak_log":11,"minecraft:spruce_sapling":1,"minecraft:spruce_log":6,"minecraft:dirt":12,"minecraft:rotten_flesh":1,"minecraft:granite":8,"minecraft:sugar_cane":13,"minecraft:mutton":4,"minecraft:coal":4,"minecraft:white_wool":2,"minecraft:cobblestone":73,"minecraft:furnace":1},"minecraft:crafted":{"minecraft:oak_door":3,"minecraft:oak_boat":1,"minecraft:oak_planks":32,"minecraft:cooked_porkchop":7,"minecraft:crafting_table":2,"minecraft:stick":12,"minecraft:iron_pickaxe":1,"minecraft:wooden_pickaxe":1,"minecraft:stone_pickaxe":1,"minecraft:iron_shovel":1,"minecraft:furnace":1,"minecraft:torch":16,"minecraft:stone_axe":1,"minecraft:air":0},"minecraft:dropped":{"minecraft:oak_door":1},"minecraft:used":{"minecraft:iron_shovel":49,"minecraft:iron_pickaxe":20,"minecraft:stone_pickaxe":130,"minecraft:wooden_pickaxe":15,"minecraft:oak_door":6,"minecraft:white_wool":1,"minecraft:stone_axe":52,"minecraft:torch":3,"minecraft:dirt":5,"minecraft:cobblestone":28,"minecraft:crafting_table":5,"minecraft:furnace":1,"minecraft:cooked_porkchop":2,"minecraft:oak_boat":1},"minecraft:custom":{"minecraft:time_since_rest":21308,"minecraft:interact_with_furnace":5,"minecraft:sprint_one_cm":44496,"minecraft:damage_taken":55,"minecraft:walk_one_cm":28887,"minecraft:mob_kills":19,"minecraft:drop":1,"minecraft:damage_dealt":1780,"minecraft:swim_one_cm":2222,"minecraft:interact_with_crafting_table":7,"minecraft:fly_one_cm":78899,"minecraft:open_chest":3,"minecraft:crouch_one_cm":419,"minecraft:play_time":21308,"minecraft:sneak_time":170,"minecraft:walk_under_water_one_cm":9429,"minecraft:boat_one_cm":66830,"minecraft:jump":390,"minecraft:time_since_death":21308,"minecraft:walk_on_water_one_cm":17674,"minecraft:total_world_time":21308,"minecraft:fall_one_cm":8916},"minecraft:mined":{"minecraft:spruce_stairs":1,"minecraft:oak_slab":1,"minecraft:furnace":1,"minecraft:spruce_log":6,"minecraft:crafting_table":3,"minecraft:granite":12,"minecraft:oak_log":11,"minecraft:grass_block":2,"minecraft:coal_ore":4,"minecraft:oak_stairs":1,"minecraft:sand":95,"minecraft:dirt":12,"minecraft:cobblestone":6,"minecraft:spruce_leaves":4,"minecraft:stone":71,"minecraft:sugar_cane":5,"minecraft:sandstone":43},"minecraft:killed":{"minecraft:sheep":2,"minecraft:zombie":1,"minecraft:pig":13,"minecraft:chicken":3}},"DataVersion":3700}